{"cameraMode":{"drawMode":0,"name":"Shaded","section":"Shading Mode"},"sceneLighting":true,"audioPlay":false,"sceneViewState":{"showFog":true,"showMaterialUpdate":false,"showSkybox":true,"showFlares":true,"showImageEffects":true,"showParticleSystems":true},"in2DMode":false,"pivot":{"x":-3.630810022354126,"y":1.4391204118728638,"z":0.9653621315956116},"rotation":{"x":-0.16248178482055665,"y":0.7061398029327393,"z":-0.17191296815872193,"w":-0.6673972606658936},"size":30.543312072753908,"orthographic":false}