{"cameraMode":{"drawMode":0,"name":"Shaded","section":"Shading Mode"},"sceneLighting":true,"audioPlay":false,"sceneViewState":{"showFog":true,"showMaterialUpdate":false,"showSkybox":true,"showFlares":true,"showImageEffects":true,"showParticleSystems":true},"in2DMode":false,"pivot":{"x":1.310741901397705,"y":2.1918704509735109,"z":1.2677733898162842},"rotation":{"x":-0.07004643231630326,"y":0.5741028189659119,"z":-0.04938372224569321,"w":-0.8142890930175781},"size":6.335101127624512,"orthographic":false}