{"cameraMode":{"drawMode":0,"name":"Shaded","section":"Shading Mode"},"sceneLighting":true,"audioPlay":false,"sceneViewState":{"showFog":true,"showMaterialUpdate":false,"showSkybox":true,"showFlares":true,"showImageEffects":true,"showParticleSystems":true},"in2DMode":false,"pivot":{"x":-9.498846054077149,"y":1.7339248657226563,"z":19.38491439819336},"rotation":{"x":-0.14899283647537232,"y":0.6646628379821777,"z":-0.13771778345108033,"w":-0.7190728783607483},"size":30.934932708740236,"orthographic":false}