{"cameraMode":{"drawMode":0,"name":"Shaded","section":"Shading Mode"},"sceneLighting":true,"audioPlay":false,"sceneViewState":{"showFog":true,"showMaterialUpdate":false,"showSkybox":true,"showFlares":true,"showImageEffects":true,"showParticleSystems":true},"in2DMode":false,"pivot":{"x":-11.071462631225586,"y":-0.18024158477783204,"z":-11.13621711730957},"rotation":{"x":-0.14899283647537232,"y":0.6646628379821777,"z":-0.13771778345108033,"w":-0.7190728783607483},"size":76.70940399169922,"orthographic":false}