{"cameraMode":{"drawMode":0,"name":"Shaded","section":"Shading Mode"},"sceneLighting":true,"audioPlay":false,"sceneViewState":{"showFog":true,"showMaterialUpdate":false,"showSkybox":true,"showFlares":true,"showImageEffects":true,"showParticleSystems":true},"in2DMode":false,"pivot":{"x":75.53729248046875,"y":11.990419387817383,"z":0.58966064453125},"rotation":{"x":0.012944559566676617,"y":-0.7799872159957886,"z":-0.01613975688815117,"w":-0.6254655122756958},"size":85.1801528930664,"orthographic":false}