{"cameraMode":{"drawMode":0,"name":"Shaded","section":"Shading Mode"},"sceneLighting":true,"audioPlay":false,"sceneViewState":{"showFog":true,"showMaterialUpdate":false,"showSkybox":true,"showFlares":true,"showImageEffects":true,"showParticleSystems":true},"in2DMode":false,"pivot":{"x":16.00376319885254,"y":-1.918416976928711,"z":0.9387836456298828},"rotation":{"x":-0.023665253072977067,"y":0.9606142044067383,"z":-0.2630765438079834,"w":-0.08639654517173767},"size":45.847068786621097,"orthographic":false}