{"cameraMode":{"drawMode":0,"name":"Shaded","section":"Shading Mode"},"sceneLighting":true,"audioPlay":false,"sceneViewState":{"showFog":true,"showMaterialUpdate":false,"showSkybox":true,"showFlares":true,"showImageEffects":true,"showParticleSystems":true},"in2DMode":false,"pivot":{"x":-0.21849851310253144,"y":1.4528543949127198,"z":0.2879582643508911},"rotation":{"x":-0.09157983213663101,"y":0.8283566236495972,"z":-0.14202994108200074,"w":-0.5341103076934815},"size":2.1351001262664797,"orthographic":false}