{"cameraMode":{"drawMode":0,"name":"Shaded","section":"Shading Mode"},"sceneLighting":true,"audioPlay":false,"sceneViewState":{"showFog":true,"showMaterialUpdate":false,"showSkybox":true,"showFlares":true,"showImageEffects":true,"showParticleSystems":true},"in2DMode":false,"pivot":{"x":3.5303783416748049,"y":-17.33564567565918,"z":7.1245880126953129},"rotation":{"x":-0.2188008427619934,"y":0.1636170893907547,"z":-0.03723788261413574,"w":-0.9612405896186829},"size":105.51445770263672,"orthographic":false}